Announcement_Date,Ex_Date,Dividend_Type,Dividend_Amount,Company_Name,Ticker,
1/7/2015,1/22/2015,Interim,5,Wipro Limited,WIPRO.NS,
1/9/2015,1/28/2015,Interim,6,Bharat Electronics Limited,BEL.NS,
1/9/2015,2/4/2015,Interim,8,HCL Technologies Limited,HCLTECH.NS,
1/15/2015,1/27/2015,Interim,5,Tata Consultancy Services Limited,TCS.NS,
1/20/2015,2/4/2015,Interim,0.75,NTPC Limited,NTPC.NS,
2/13/2015,5/19/2015,Final,12.5,Nestlé India Limited,NESTLEIND.NS,
2/16/2015,3/11/2015,Final,50,Eicher Motors Limited,EICHERMOT.NS,
2/20/2015,3/3/2015,Interim,20.7,Coal India Limited,COALINDIA.NS,
2/23/2015,3/9/2015,Interim,0.69,Power Grid Corporation of India Limited,POWERGRID.NS,
2/24/2015,3/24/2015,Interim,4,Oil and Natural Gas Corporation Limited,ONGC.NS,
4/1/2015,4/24/2015,Interim,4,HCL Technologies Limited,HCLTECH.NS,
4/16/2015,8/7/2015,Final,4,IndusInd Bank Limited,INDUSINDBK.NS,
4/16/2015,6/5/2015,Final,24,Tata Consultancy Services Limited,TCS.NS,
4/17/2015,5/8/2015,Final,10,Reliance Industries Limited,RELIANCE.NS,
4/21/2015,7/20/2015,Final,7,Wipro Limited,WIPRO.NS,
4/23/2015,7/2/2015,Final,8,HDFC Bank Limited,HDFCBANK.NS,
4/24/2015,6/15/2015,Final,29.5,Infosys Limited,INFY.NS,
4/27/2015,6/4/2015,Final,5,ICICI Bank Limited,ICICIBANK.NS,
4/27/2015,8/26/2015,Final,25,Maruti Suzuki India Limited,MARUTI.NS,
4/27/2015,8/14/2015,Final,9,UltraTech Cement Limited,ULTRACEMCO.NS,
4/28/2015,8/13/2015,Final,2.22,Bharti Airtel Limited,BHARTIARTL.NS,
4/29/2015,7/9/2015,Final,4.6,Axis Bank Limited ,AXISBANK.NS,
4/30/2015,7/22/2015,Final,6,Shriram Finance Limited,SHRIRAMFIN.NS,
5/4/2015,5/22/2015,Final,1.1,Adani Ports and Special Economic Zone Limited,ADANIPORTS.NS,
5/4/2015,9/3/2015,Final,18,Grasim Industries Limited,GRASIM.NS,
5/4/2015,5/19/2015,Interim,14,Nestlé India Limited,NESTLEIND.NS,
5/5/2015,6/18/2015,Final,0.9,Kotak Mahindra Bank Limited,KOTAKBANK.NS,
5/7/2015,6/1/2015,Final,30,Hero MotoCorp Limited,HEROMOTOCO.NS,
5/7/2015,7/17/2015,Final,2.3,Titan Company Limited,TITAN.NS,
5/8/2015,6/19/2015,Final,9,Hindustan Unilever Limited,HINDUNILVR.NS,
5/12/2015,7/10/2015,Final,20,Dr. Reddy's Laboratories Limited,DRREDDY.NS,
5/13/2015,7/31/2015,Final,1.4,Adani Enterprises Limited,ADANIENT.NS,
5/15/2015,7/6/2015,Final,11,JSW Steel Limited,JSWSTEEL.NS,
5/18/2015,6/24/2015,Final,4.3,Asian Paints Limited,ASIANPAINT.NS,
5/20/2015,7/9/2015,Final,18,Bajaj Finance Limited,BAJFINANCE.NS,
5/20/2015,7/9/2015,Final,1.75,Bajaj Finserv Ltd. ,BAJAJFINSV.NS,
5/20/2015,7/23/2015,Final,8,Tata Steel Limited,TATASTEEL.NS,
5/21/2015,7/9/2015,Final,50,Bajaj Auto Limited,BAJAJ-AUTO.NS,
5/22/2015,6/3/2015,Final,6.25,ITC Limited,ITC.NS,
5/22/2015,5/28/2015,Final,3.5,State Bank of India,SBIN.NS,
5/26/2015,7/23/2015,Final,6,Tech Mahindra Limited,TECHM.NS,
5/27/2015,7/27/2015,Final,10,Trent Limited,TRENT.NS,
5/28/2015,7/30/2015,Final,5.75,Apollo Hospitals Enterprise Limited,APOLLOHOSP.NS,
5/28/2015,9/7/2015,Final,1,Hindalco Industries Limited,HINDALCO.NS,
5/28/2015,9/7/2015,Final,0.5,Oil and Natural Gas Corporation Limited,ONGC.NS,
5/28/2015,7/30/2015,Final,2.25,Tata Consumer Products Limited,TATACONSUM.NS,
5/29/2015,8/10/2015,Final,23.2,Bharat Electronics Limited,BEL.NS,
5/29/2015,8/11/2015,Final,2,Cipla Limited,CIPLA.NS,
5/29/2015,7/16/2015,Final,12,Mahindra & Mahindra Limited,M&M.NS,
5/29/2015,9/3/2015,Final,1.75,NTPC Limited,NTPC.NS,
6/1/2015,9/1/2015,Final,16.25,Larsen & Toubro Limited,LT.NS,
6/1/2015,9/7/2015,Final,1.31,Power Grid Corporation of India Limited,POWERGRID.NS,
7/8/2015,7/20/2015,Interim,5.5,Tata Consultancy Services Limited,TCS.NS,
7/21/2015,8/7/2015,Interim,5,HCL Technologies Limited,HCLTECH.NS,
8/11/2015,10/21/2015,Final,3,Sun Pharmaceutical Industries Limited,SUNPHARMA.NS,
9/15/2015,10/16/2015,Interim,10,Infosys Limited,INFY.NS,
10/1/2015,10/28/2015,Interim,2.2,Asian Paints Limited,ASIANPAINT.NS,
10/1/2015,10/23/2015,Interim,5,HCL Technologies Limited,HCLTECH.NS,
10/5/2015,10/19/2015,Interim,6.5,Hindustan Unilever Limited,HINDUNILVR.NS,
10/13/2015,10/23/2015,Interim,5.5,Tata Consultancy Services Limited,TCS.NS,
10/16/2015,11/5/2015,Interim,4,Shriram Finance Limited,SHRIRAMFIN.NS,
10/28/2015,11/10/2015,Interim,4.5,Oil and Natural Gas Corporation Limited,ONGC.NS,
11/27/2015,12/11/2015,Interim,16,Nestlé India Limited,NESTLEIND.NS,
1/6/2016,1/27/2016,Interim,6,HCL Technologies Limited,HCLTECH.NS,
1/6/2016,1/25/2016,Interim,5,Wipro Limited,WIPRO.NS,
1/7/2016,2/4/2016,Interim,2.5,Bharat Electronics Limited,BEL.NS,
1/12/2016,1/21/2016,Interim,5.5,Tata Consultancy Services Limited,TCS.NS,
1/18/2016,2/5/2016,Interim,1.6,NTPC Limited,NTPC.NS,
1/18/2016,2/3/2016,Interim,0.8,Power Grid Corporation of India Limited,POWERGRID.NS,
2/12/2016,5/18/2016,Final,18.5,Nestlé India Limited,NESTLEIND.NS,
2/26/2016,3/14/2016,Interim,27.4,Coal India Limited,COALINDIA.NS,
3/2/2016,3/16/2016,Interim,50,Bajaj Auto Limited,BAJAJ-AUTO.NS,
3/2/2016,3/16/2016,Interim,18,Bajaj Finance Limited,BAJFINANCE.NS,
3/2/2016,3/16/2016,Interim,1.75,Bajaj Finserv Ltd. ,BAJAJFINSV.NS,
3/3/2016,3/16/2016,Interim,0.75,Oil and Natural Gas Corporation Limited,ONGC.NS,
3/4/2016,3/22/2016,Interim,6,Apollo Hospitals Enterprise Limited,APOLLOHOSP.NS,
3/8/2016,3/17/2016,Interim,10.5,Reliance Industries Limited,RELIANCE.NS,
3/9/2016,3/22/2016,Interim,0.4,Adani Enterprises Limited,ADANIENT.NS,
3/9/2016,3/22/2016,Interim,1.1,Adani Ports and Special Economic Zone Limited,ADANIPORTS.NS,
3/9/2016,3/22/2016,Interim,2.2,Titan Company Limited,TITAN.NS,
3/9/2016,3/17/2016,Interim,9,Trent Limited,TRENT.NS,
3/10/2016,3/21/2016,Interim,40,Hero MotoCorp Limited,HEROMOTOCO.NS,
3/14/2016,3/22/2016,Interim,100,Eicher Motors Limited,EICHERMOT.NS,
4/15/2016,6/9/2016,Final,14.25,Infosys Limited,INFY.NS,
4/18/2016,5/5/2016,Interim,6,HCL Technologies Limited,HCLTECH.NS,
4/18/2016,6/6/2016,Final,27,Tata Consultancy Services Limited,TCS.NS,
4/20/2016,7/11/2016,Final,1,Wipro Limited,WIPRO.NS,
4/21/2016,6/23/2016,Final,4.5,IndusInd Bank Limited,INDUSINDBK.NS,
4/22/2016,6/29/2016,Final,9.5,HDFC Bank Limited,HDFCBANK.NS,
4/25/2016,7/4/2016,Final,9.5,UltraTech Cement Limited,ULTRACEMCO.NS,
4/26/2016,7/7/2016,Final,5,Axis Bank Limited ,AXISBANK.NS,
4/26/2016,8/31/2016,Final,35,Maruti Suzuki India Limited,MARUTI.NS,
4/27/2016,8/11/2016,Final,1.36,Bharti Airtel Limited,BHARTIARTL.NS,
4/29/2016,6/16/2016,Final,5,ICICI Bank Limited,ICICIBANK.NS,
4/29/2016,7/18/2016,Final,6,Shriram Finance Limited,SHRIRAMFIN.NS,
5/2/2016,5/18/2016,Interim,12,Nestlé India Limited,NESTLEIND.NS,
5/5/2016,9/15/2016,Final,32,Hero MotoCorp Limited,HEROMOTOCO.NS,
5/9/2016,9/7/2016,Final,22.5,Grasim Industries Limited,GRASIM.NS,
5/9/2016,6/22/2016,Final,9.5,Hindustan Unilever Limited,HINDUNILVR.NS,
5/11/2016,6/16/2016,Final,5.3,Asian Paints Limited,ASIANPAINT.NS,
5/11/2016,7/14/2016,Final,0.5,Kotak Mahindra Bank Limited,KOTAKBANK.NS,
5/13/2016,7/18/2016,Final,20,Dr. Reddy's Laboratories Limited,DRREDDY.NS,
5/16/2016,6/3/2016,Final,2.6,State Bank of India,SBIN.NS,
5/18/2016,7/4/2016,Final,7.5,JSW Steel Limited,JSWSTEEL.NS,
5/20/2016,5/30/2016,Final,8.5,ITC Limited,ITC.NS,
5/24/2016,7/14/2016,Final,7,Bajaj Finance Limited,BAJFINANCE.NS,
5/24/2016,9/12/2016,Final,2,Cipla Limited,CIPLA.NS,
5/24/2016,7/28/2016,Final,12,Tech Mahindra Limited,TECHM.NS,
5/25/2016,7/14/2016,Final,5,Bajaj Auto Limited,BAJAJ-AUTO.NS,
5/25/2016,8/18/2016,Final,18.25,Larsen & Toubro Limited,LT.NS,
5/25/2016,8/8/2016,Final,2.25,Tata Consumer Products Limited,TATACONSUM.NS,
5/26/2016,8/31/2016,Final,3.25,Oil and Natural Gas Corporation Limited,ONGC.NS,
5/26/2016,7/28/2016,Final,8,Tata Steel Limited,TATASTEEL.NS,
5/27/2016,8/18/2016,Final,14.5,Bharat Electronics Limited,BEL.NS,
5/27/2016,9/8/2016,Final,1.51,Power Grid Corporation of India Limited,POWERGRID.NS,
5/30/2016,9/6/2016,Final,1,Hindalco Industries Limited,HINDALCO.NS,
5/30/2016,7/21/2016,Final,12,Mahindra & Mahindra Limited,M&M.NS,
5/30/2016,7/18/2016,Final,0.2,Tata Motors Limited,TATAMOTORS.NS,
5/31/2016,9/8/2016,Final,1.75,NTPC Limited,NTPC.NS,
5/31/2016,9/8/2016,Final,1,Sun Pharmaceutical Industries Limited,SUNPHARMA.NS,
7/14/2016,7/25/2016,Interim,6.5,Tata Consultancy Services Limited,TCS.NS,
7/21/2016,8/5/2016,Interim,12,Nestlé India Limited,NESTLEIND.NS,
7/22/2016,8/10/2016,Interim,6,HCL Technologies Limited,HCLTECH.NS,
9/16/2016,10/21/2016,Interim,11,Infosys Limited,INFY.NS,
10/4/2016,11/1/2016,Interim,2.65,Asian Paints Limited,ASIANPAINT.NS,
10/10/2016,10/27/2016,Interim,6,HCL Technologies Limited,HCLTECH.NS,
10/13/2016,10/24/2016,Interim,6.5,Tata Consultancy Services Limited,TCS.NS,
10/14/2016,11/1/2016,Interim,7,Hindustan Unilever Limited,HINDUNILVR.NS,
10/17/2016,11/3/2016,Interim,4,Shriram Finance Limited,SHRIRAMFIN.NS,
10/19/2016,11/3/2016,Interim,4.5,Oil and Natural Gas Corporation Limited,ONGC.NS,
11/25/2016,12/9/2016,Interim,16,Nestlé India Limited,NESTLEIND.NS,
1/4/2017,2/2/2017,Interim,3,Bharat Electronics Limited,BEL.NS,
1/10/2017,2/2/2017,Interim,2,Wipro Limited,WIPRO.NS,
1/12/2017,1/23/2017,Interim,6.5,Tata Consultancy Services Limited,TCS.NS,
1/13/2017,2/1/2017,Interim,6,HCL Technologies Limited,HCLTECH.NS,
1/18/2017,2/7/2017,Interim,2.25,Oil and Natural Gas Corporation Limited,ONGC.NS,
1/27/2017,2/16/2017,Interim,1,Power Grid Corporation of India Limited,POWERGRID.NS,
1/31/2017,2/15/2017,Interim,2.61,NTPC Limited,NTPC.NS,
2/15/2017,5/19/2017,Final,23,Nestlé India Limited,NESTLEIND.NS,
2/21/2017,3/14/2017,Interim,18.75,Coal India Limited,COALINDIA.NS,
3/7/2017,3/16/2017,Interim,55,Hero MotoCorp Limited,HEROMOTOCO.NS,
3/23/2017,3/27/2017,Interim,1.15,Coal India Limited,COALINDIA.NS,
3/24/2017,3/29/2017,Interim,0.9,Bharat Electronics Limited,BEL.NS,
4/13/2017,6/1/2017,Final,14.75,Infosys Limited,INFY.NS,
4/24/2017,6/29/2017,Final,11,HDFC Bank Limited,HDFCBANK.NS,
4/24/2017,7/18/2017,Final,6,IndusInd Bank Limited,INDUSINDBK.NS,
4/24/2017,6/13/2017,Final,27.5,Tata Consultancy Services Limited,TCS.NS,
4/25/2017,7/13/2017,Final,11,Reliance Industries Limited,RELIANCE.NS,
4/25/2017,7/10/2017,Final,10,UltraTech Cement Limited,ULTRACEMCO.NS,
4/27/2017,8/24/2017,Final,75,Maruti Suzuki India Limited,MARUTI.NS,
4/27/2017,6/21/2017,Final,6,Shriram Finance Limited,SHRIRAMFIN.NS,
4/28/2017,7/6/2017,Final,5,Axis Bank Limited ,AXISBANK.NS,
5/2/2017,7/12/2017,Final,0.6,Kotak Mahindra Bank Limited,KOTAKBANK.NS,
5/4/2017,6/20/2017,Final,2.5,ICICI Bank Limited,ICICIBANK.NS,
5/8/2017,7/31/2017,Final,100,Eicher Motors Limited,EICHERMOT.NS,
5/11/2017,6/15/2017,Final,7.65,Asian Paints Limited,ASIANPAINT.NS,
5/11/2017,5/24/2017,Interim,6,HCL Technologies Limited,HCLTECH.NS,
5/11/2017,6/30/2017,Final,30,Hero MotoCorp Limited,HEROMOTOCO.NS,
5/12/2017,7/13/2017,Final,1,Bharti Airtel Limited,BHARTIARTL.NS,
5/12/2017,7/17/2017,Final,20,Dr. Reddy's Laboratories Limited,DRREDDY.NS,
5/15/2017,5/19/2017,Interim,15,Nestlé India Limited,NESTLEIND.NS,
5/15/2017,7/24/2017,Final,2.6,Titan Company Limited,TITAN.NS,
5/16/2017,7/20/2017,Final,10,Tata Steel Limited,TATASTEEL.NS,
5/17/2017,7/6/2017,Final,3.6,Bajaj Finance Limited,BAJFINANCE.NS,
5/18/2017,7/6/2017,Final,55,Bajaj Auto Limited,BAJAJ-AUTO.NS,
5/18/2017,7/6/2017,Final,1.75,Bajaj Finserv Ltd. ,BAJAJFINSV.NS,
5/18/2017,6/22/2017,Final,10,Hindustan Unilever Limited,HINDUNILVR.NS,
5/18/2017,6/12/2017,Final,2.25,JSW Steel Limited,JSWSTEEL.NS,
5/19/2017,9/8/2017,Final,5.5,Grasim Industries Limited,GRASIM.NS,
5/19/2017,5/26/2017,Final,2.6,State Bank of India,SBIN.NS,
5/24/2017,7/31/2017,Final,0.4,Adani Enterprises Limited,ADANIENT.NS,
5/24/2017,7/31/2017,Final,1.3,Adani Ports and Special Economic Zone Limited,ADANIPORTS.NS,
5/25/2017,7/26/2017,Final,2,Cipla Limited,CIPLA.NS,
5/26/2017,7/27/2017,Final,9,Tech Mahindra Limited,TECHM.NS,
5/30/2017,9/7/2017,Final,6,Apollo Hospitals Enterprise Limited,APOLLOHOSP.NS,
5/30/2017,6/5/2017,Final,4.75,ITC Limited,ITC.NS,
5/30/2017,7/13/2017,Final,13,Mahindra & Mahindra Limited,M&M.NS,
5/31/2017,8/11/2017,Final,14,Larsen & Toubro Limited,LT.NS,
5/31/2017,9/11/2017,Final,3.35,Power Grid Corporation of India Limited,POWERGRID.NS,
5/31/2017,8/4/2017,Final,2.35,Tata Consumer Products Limited,TATACONSUM.NS,
6/1/2017,9/5/2017,Final,1.1,Hindalco Industries Limited,HINDALCO.NS,
6/1/2017,9/7/2017,Final,2.17,NTPC Limited,NTPC.NS,
6/1/2017,9/21/2017,Final,0.8,Oil and Natural Gas Corporation Limited,ONGC.NS,
6/1/2017,9/18/2017,Final,3.5,Sun Pharmaceutical Industries Limited,SUNPHARMA.NS,
6/1/2017,7/19/2017,Final,1,Trent Limited,TRENT.NS,
6/2/2017,8/14/2017,Final,1.05,Bharat Electronics Limited,BEL.NS,
7/13/2017,7/24/2017,Interim,7,Tata Consultancy Services Limited,TCS.NS,
7/17/2017,8/3/2017,Interim,2,HCL Technologies Limited,HCLTECH.NS,
7/18/2017,8/2/2017,Interim,15,Nestlé India Limited,NESTLEIND.NS,
9/29/2017,10/31/2017,Interim,2.65,Asian Paints Limited,ASIANPAINT.NS,
10/10/2017,10/31/2017,Interim,13,Infosys Limited,INFY.NS,
10/11/2017,11/1/2017,Interim,8,Hindustan Unilever Limited,HINDUNILVR.NS,
10/12/2017,10/25/2017,Interim,7,Tata Consultancy Services Limited,TCS.NS,
10/16/2017,11/1/2017,Interim,2,HCL Technologies Limited,HCLTECH.NS,
10/17/2017,11/10/2017,Interim,5,Shriram Finance Limited,SHRIRAMFIN.NS,
10/18/2017,11/3/2017,Interim,3,Oil and Natural Gas Corporation Limited,ONGC.NS,
11/24/2017,12/11/2017,Interim,33,Nestlé India Limited,NESTLEIND.NS,
12/4/2017,12/15/2017,Interim,1.36,HDFC Life Insurance Company Limited,HDFCLIFE.NS,
12/4/2017,12/15/2017,Interim,1.36,HDFC Life Insurance Company Limited,HDFCLIFE.NS,
12/4/2017,12/15/2017,Interim,1.36,HDFC Life Insurance Company Limited,HDFCLIFE.NS,
1/8/2018,1/29/2018,Interim,2,HCL Technologies Limited,HCLTECH.NS,
1/11/2018,1/22/2018,Interim,7,Tata Consultancy Services Limited,TCS.NS,
1/11/2018,1/31/2018,Interim,1,Wipro Limited,WIPRO.NS,
1/18/2018,1/30/2018,Interim,2.84,Bharti Airtel Limited,BHARTIARTL.NS,
1/19/2018,2/7/2018,Interim,2.73,NTPC Limited,NTPC.NS,
1/23/2018,2/8/2018,Interim,2.45,Power Grid Corporation of India Limited,POWERGRID.NS,
1/31/2018,2/8/2018,Interim,1.6,Bharat Electronics Limited,BEL.NS,
2/6/2018,2/15/2018,Interim,55,Hero MotoCorp Limited,HEROMOTOCO.NS,
2/14/2018,5/16/2018,Final,23,Nestlé India Limited,NESTLEIND.NS,
2/19/2018,3/13/2018,Interim,2.25,Oil and Natural Gas Corporation Limited,ONGC.NS,
2/26/2018,3/16/2018,Interim,16.5,Coal India Limited,COALINDIA.NS,
3/14/2018,4/3/2018,Interim,2,SBI Life Insurance Company Limited,SBILIFE.NS,
4/12/2018,6/14/2018,Final,20.5,Infosys Limited,INFY.NS,
4/16/2018,7/5/2018,Final,10,Tata Steel Limited,TATASTEEL.NS,
4/18/2018,5/9/2018,Interim,2,HCL Technologies Limited,HCLTECH.NS,
4/19/2018,7/18/2018,Final,7.5,IndusInd Bank Limited,INDUSINDBK.NS,
4/19/2018,5/31/2018,Final,29,Tata Consultancy Services Limited,TCS.NS,
4/23/2018,5/31/2018,Final,13,HDFC Bank Limited,HDFCBANK.NS,
4/24/2018,8/2/2018,Final,2.5,Bharti Airtel Limited,BHARTIARTL.NS,
4/25/2018,7/10/2018,Final,10.5,UltraTech Cement Limited,ULTRACEMCO.NS,
4/27/2018,8/14/2018,Final,80,Maruti Suzuki India Limited,MARUTI.NS,
4/27/2018,6/27/2018,Final,6,Reliance Industries Limited,RELIANCE.NS,
4/27/2018,7/18/2018,Final,6,Shriram Finance Limited,SHRIRAMFIN.NS,
4/30/2018,7/11/2018,Final,0.7,Kotak Mahindra Bank Limited,KOTAKBANK.NS,
5/2/2018,7/11/2018,Final,40,Hero MotoCorp Limited,HEROMOTOCO.NS,
5/2/2018,5/16/2018,Interim,20,Nestlé India Limited,NESTLEIND.NS,
5/3/2018,7/26/2018,Final,2,Adani Ports and Special Economic Zone Limited,ADANIPORTS.NS,
5/3/2018,7/27/2018,Final,1.15,Trent Limited,TRENT.NS,
5/7/2018,8/24/2018,Final,1.5,ICICI Bank Limited,ICICIBANK.NS,
5/9/2018,8/2/2018,Final,110,Eicher Motors Limited,EICHERMOT.NS,
5/10/2018,7/27/2018,Final,0.4,Adani Enterprises Limited,ADANIENT.NS,
5/10/2018,6/14/2018,Final,6.05,Asian Paints Limited,ASIANPAINT.NS,
5/10/2018,7/23/2018,Final,3.75,Titan Company Limited,TITAN.NS,
5/11/2018,6/20/2018,Final,2.5,Tata Consumer Products Limited,TATACONSUM.NS,
5/14/2018,6/21/2018,Final,12,Hindustan Unilever Limited,HINDUNILVR.NS,
5/16/2018,9/12/2018,Final,1.2,Hindalco Industries Limited,HINDALCO.NS,
5/16/2018,5/25/2018,Final,5.15,ITC Limited,ITC.NS,
5/16/2018,7/6/2018,Final,3.2,JSW Steel Limited,JSWSTEEL.NS,
5/17/2018,7/5/2018,Final,4,Bajaj Finance Limited,BAJFINANCE.NS,
5/17/2018,7/5/2018,Final,1.75,Bajaj Finserv Ltd. ,BAJAJFINSV.NS,
5/18/2018,7/5/2018,Final,60,Bajaj Auto Limited,BAJAJ-AUTO.NS,
5/22/2018,8/13/2018,Final,3,Cipla Limited,CIPLA.NS,
5/22/2018,7/16/2018,Final,20,Dr. Reddy's Laboratories Limited,DRREDDY.NS,
5/23/2018,8/31/2018,Final,6.2,Grasim Industries Limited,GRASIM.NS,
5/25/2018,9/17/2018,Final,2,Sun Pharmaceutical Industries Limited,SUNPHARMA.NS,
5/25/2018,7/26/2018,Final,14,Tech Mahindra Limited,TECHM.NS,
5/28/2018,8/14/2018,Final,16,Larsen & Toubro Limited,LT.NS,
5/28/2018,9/6/2018,Final,2.39,NTPC Limited,NTPC.NS,
5/29/2018,8/20/2018,Final,0.4,Bharat Electronics Limited,BEL.NS,
5/29/2018,7/12/2018,Final,7.5,Mahindra & Mahindra Limited,M&M.NS,
5/29/2018,9/10/2018,Final,2.8,Power Grid Corporation of India Limited,POWERGRID.NS,
5/30/2018,9/12/2018,Final,5,Apollo Hospitals Enterprise Limited,APOLLOHOSP.NS,
5/30/2018,9/19/2018,Final,1.35,Oil and Natural Gas Corporation Limited,ONGC.NS,
6/29/2018,7/17/2018,Interim,4,Tata Consultancy Services Limited,TCS.NS,
7/13/2018,8/2/2018,Interim,2,HCL Technologies Limited,HCLTECH.NS,
7/25/2018,8/10/2018,Interim,20,Nestlé India Limited,NESTLEIND.NS,
10/1/2018,10/25/2018,Interim,9,Hindustan Unilever Limited,HINDUNILVR.NS,
10/4/2018,10/29/2018,Interim,2.85,Asian Paints Limited,ASIANPAINT.NS,
10/11/2018,10/23/2018,Interim,4,Tata Consultancy Services Limited,TCS.NS,
10/12/2018,10/30/2018,Interim,2,HCL Technologies Limited,HCLTECH.NS,
10/16/2018,10/25/2018,Interim,7,Infosys Limited,INFY.NS,
10/19/2018,11/5/2018,Interim,5,Shriram Finance Limited,SHRIRAMFIN.NS,
10/25/2018,11/5/2018,Interim,2.5,Bharti Airtel Limited,BHARTIARTL.NS,
11/28/2018,12/12/2018,Interim,50,Nestlé India Limited,NESTLEIND.NS,
12/17/2018,12/28/2018,Interim,7.25,Coal India Limited,COALINDIA.NS,
12/31/2018,1/17/2019,Interim,4,Tata Consultancy Services Limited,TCS.NS,
1/11/2019,1/24/2019,Interim,4,Infosys Limited,INFY.NS,
1/15/2019,2/5/2019,Interim,2,HCL Technologies Limited,HCLTECH.NS,
1/18/2019,2/6/2019,Interim,3.58,NTPC Limited,NTPC.NS,
1/18/2019,1/29/2019,Interim,1,Wipro Limited,WIPRO.NS,
1/30/2019,2/8/2019,Interim,0.3,Bharat Electronics Limited,BEL.NS,
1/31/2019,2/11/2019,Interim,55,Hero MotoCorp Limited,HEROMOTOCO.NS,
2/4/2019,2/28/2019,Interim,5.25,Oil and Natural Gas Corporation Limited,ONGC.NS,
2/14/2019,4/30/2019,Final,25,Nestlé India Limited,NESTLEIND.NS,
2/22/2019,3/14/2019,Interim,5.83,Power Grid Corporation of India Limited,POWERGRID.NS,
3/5/2019,3/14/2019,Interim,1.63,HDFC Life Insurance Company Limited,HDFCLIFE.NS,
3/5/2019,3/14/2019,Interim,1.63,HDFC Life Insurance Company Limited,HDFCLIFE.NS,
3/5/2019,3/14/2019,Interim,1.63,HDFC Life Insurance Company Limited,HDFCLIFE.NS,
3/6/2019,3/22/2019,Interim,5.85,Coal India Limited,COALINDIA.NS,
3/11/2019,3/19/2019,Interim,0.7,Bharat Electronics Limited,BEL.NS,
3/19/2019,3/26/2019,Interim,1,Oil and Natural Gas Corporation Limited,ONGC.NS,
3/19/2019,4/3/2019,Interim,2,SBI Life Insurance Company Limited,SBILIFE.NS,
3/26/2019,3/27/2019,Interim,0.7,Bharat Electronics Limited,BEL.NS,
4/12/2019,6/13/2019,Final,10.5,Infosys Limited,INFY.NS,
4/12/2019,6/4/2019,Final,18,Tata Consultancy Services Limited,TCS.NS,
4/16/2019,5/6/2019,Interim,23,Nestlé India Limited,NESTLEIND.NS,
4/18/2019,8/2/2019,Final,6.5,Reliance Industries Limited,RELIANCE.NS,
4/22/2019,6/20/2019,Final,15,HDFC Bank Limited,HDFCBANK.NS,
4/23/2019,5/16/2019,Interim,2,HCL Technologies Limited,HCLTECH.NS,
4/23/2019,5/24/2019,Final,2.5,Tata Consumer Products Limited,TATACONSUM.NS,
4/24/2019,7/10/2019,Final,11.5,UltraTech Cement Limited,ULTRACEMCO.NS,
4/25/2019,7/4/2019,Final,1,Axis Bank Limited ,AXISBANK.NS,
4/25/2019,8/14/2019,Final,80,Maruti Suzuki India Limited,MARUTI.NS,
4/25/2019,7/4/2019,Final,13,Tata Steel Limited,TATASTEEL.NS,
4/26/2019,7/16/2019,Final,32,Hero MotoCorp Limited,HEROMOTOCO.NS,
4/30/2019,7/12/2019,Final,0.8,Kotak Mahindra Bank Limited,KOTAKBANK.NS,
4/30/2019,7/19/2019,Final,1.3,Trent Limited,TRENT.NS,
5/3/2019,6/20/2019,Final,13,Hindustan Unilever Limited,HINDUNILVR.NS,
5/6/2019,7/22/2019,Final,1,ICICI Bank Limited,ICICIBANK.NS,
5/8/2019,6/19/2019,Final,7,Shriram Finance Limited,SHRIRAMFIN.NS,
5/8/2019,7/29/2019,Final,5,Titan Company Limited,TITAN.NS,
5/9/2019,6/13/2019,Final,7.65,Asian Paints Limited,ASIANPAINT.NS,
5/10/2019,7/24/2019,Final,125,Eicher Motors Limited,EICHERMOT.NS,
5/10/2019,7/24/2019,Final,18,Larsen & Toubro Limited,LT.NS,
5/13/2019,5/22/2019,Final,5.75,ITC Limited,ITC.NS,
5/16/2019,7/11/2019,Final,6,Bajaj Finance Limited,BAJFINANCE.NS,
5/16/2019,7/11/2019,Final,2.5,Bajaj Finserv Ltd. ,BAJAJFINSV.NS,
5/16/2019,8/14/2019,Final,1.2,Hindalco Industries Limited,HINDALCO.NS,
5/17/2019,7/11/2019,Final,60,Bajaj Auto Limited,BAJAJ-AUTO.NS,
5/17/2019,7/15/2019,Final,20,Dr. Reddy's Laboratories Limited,DRREDDY.NS,
5/21/2019,7/25/2019,Final,14,Tech Mahindra Limited,TECHM.NS,
5/22/2019,7/31/2019,Final,3,Cipla Limited,CIPLA.NS,
5/22/2019,8/8/2019,Final,7.5,IndusInd Bank Limited,INDUSINDBK.NS,
5/24/2019,8/8/2019,Final,7,Grasim Industries Limited,GRASIM.NS,
5/24/2019,7/8/2019,Final,4.1,JSW Steel Limited,JSWSTEEL.NS,
5/27/2019,8/13/2019,Final,2.5,NTPC Limited,NTPC.NS,
5/28/2019,8/20/2019,Final,2.75,Sun Pharmaceutical Industries Limited,SUNPHARMA.NS,
5/29/2019,7/29/2019,Final,0.4,Adani Enterprises Limited,ADANIENT.NS,
5/29/2019,8/20/2019,Final,1.7,Bharat Electronics Limited,BEL.NS,
5/29/2019,7/18/2019,Final,8.5,Mahindra & Mahindra Limited,M&M.NS,
5/29/2019,8/19/2019,Final,2.5,Power Grid Corporation of India Limited,POWERGRID.NS,
5/30/2019,9/12/2019,Final,6,Apollo Hospitals Enterprise Limited,APOLLOHOSP.NS,
5/30/2019,8/22/2019,Final,0.75,Oil and Natural Gas Corporation Limited,ONGC.NS,
6/4/2019,7/26/2019,Final,0.2,Adani Ports and Special Economic Zone Limited,ADANIPORTS.NS,
6/28/2019,7/16/2019,Interim,5,Tata Consultancy Services Limited,TCS.NS,
7/22/2019,8/1/2019,Interim,5,HDFC Bank Limited,HDFCBANK.NS,
7/23/2019,8/9/2019,Interim,23,Nestlé India Limited,NESTLEIND.NS,
7/24/2019,8/14/2019,Interim,2,HCL Technologies Limited,HCLTECH.NS,
8/2/2019,8/9/2019,Interim,180,Nestlé India Limited,NESTLEIND.NS,
9/30/2019,10/31/2019,Interim,2,HCL Technologies Limited,HCLTECH.NS,
9/30/2019,10/17/2019,Interim,5,Tata Consultancy Services Limited,TCS.NS,
10/7/2019,10/30/2019,Interim,3.35,Asian Paints Limited,ASIANPAINT.NS,
10/9/2019,10/23/2019,Interim,11,Hindustan Unilever Limited,HINDUNILVR.NS,
10/10/2019,10/17/2019,Interim,40,Tata Consultancy Services Limited,TCS.NS,
10/11/2019,10/23/2019,Interim,8,Infosys Limited,INFY.NS,
10/17/2019,11/7/2019,Interim,5,Shriram Finance Limited,SHRIRAMFIN.NS,
11/22/2019,12/10/2019,Interim,55,Nestlé India Limited,NESTLEIND.NS,
12/20/2019,1/24/2020,Interim,2,HCL Technologies Limited,HCLTECH.NS,
1/10/2020,1/23/2020,Interim,5,Tata Consultancy Services Limited,TCS.NS,
1/14/2020,1/24/2020,Interim,1,Wipro Limited,WIPRO.NS,
1/31/2020,2/11/2020,Interim,1.4,Bharat Electronics Limited,BEL.NS,
2/6/2020,2/17/2020,Interim,65,Hero MotoCorp Limited,HEROMOTOCO.NS,
2/6/2020,2/17/2020,Interim,3,Sun Pharmaceutical Industries Limited,SUNPHARMA.NS,
2/13/2020,2/25/2020,Interim,3.25,Apollo Hospitals Enterprise Limited,APOLLOHOSP.NS,
2/13/2020,6/11/2020,Final,61,Nestlé India Limited,NESTLEIND.NS,
2/18/2020,3/2/2020,Interim,10,Tech Mahindra Limited,TECHM.NS,
2/19/2020,3/3/2020,Interim,7.15,Asian Paints Limited,ASIANPAINT.NS,
2/20/2020,3/19/2020,Interim,4,Cipla Limited,CIPLA.NS,
2/24/2020,3/3/2020,Interim,120,Bajaj Auto Limited,BAJAJ-AUTO.NS,
2/24/2020,3/3/2020,Interim,10,Bajaj Finance Limited,BAJFINANCE.NS,
2/24/2020,3/3/2020,Interim,5,Bajaj Finserv Ltd. ,BAJAJFINSV.NS,
2/26/2020,3/19/2020,Interim,12,Coal India Limited,COALINDIA.NS,
2/27/2020,3/16/2020,Interim,5.96,Power Grid Corporation of India Limited,POWERGRID.NS,
2/28/2020,3/23/2020,Interim,5,Oil and Natural Gas Corporation Limited,ONGC.NS,
3/5/2020,3/16/2020,Interim,3.2,Adani Ports and Special Economic Zone Limited,ADANIPORTS.NS,
3/11/2020,3/19/2020,Interim,125,Eicher Motors Limited,EICHERMOT.NS,
3/11/2020,3/19/2020,Interim,12,Tata Consultancy Services Limited,TCS.NS,
3/12/2020,3/23/2020,Interim,1,Adani Enterprises Limited,ADANIENT.NS,
3/12/2020,3/26/2020,Interim,0.5,NTPC Limited,NTPC.NS,
3/13/2020,3/24/2020,Interim,10,Larsen & Toubro Limited,LT.NS,
4/16/2020,6/3/2020,Final,6,Tata Consultancy Services Limited,TCS.NS,
4/16/2020,6/3/2020,Interim,6,Tata Consultancy Services Limited,TCS.NS,
4/20/2020,5/29/2020,Final,9.5,Infosys Limited,INFY.NS,
4/30/2020,6/19/2020,Final,14,Hindustan Unilever Limited,HINDUNILVR.NS,
4/30/2020,7/2/2020,Final,6.5,Reliance Industries Limited,RELIANCE.NS,
4/30/2020,7/23/2020,Final,5,Tech Mahindra Limited,TECHM.NS,
5/7/2020,9/14/2020,Final,2,HCL Technologies Limited,HCLTECH.NS,
5/13/2020,8/13/2020,Final,60,Maruti Suzuki India Limited,MARUTI.NS,
5/14/2020,6/18/2020,Final,2.7,Tata Consumer Products Limited,TATACONSUM.NS,
5/19/2020,8/6/2020,Final,2,Bharti Airtel Limited,BHARTIARTL.NS,
5/20/2020,7/13/2020,Final,25,Dr. Reddy's Laboratories Limited,DRREDDY.NS,
5/20/2020,7/29/2020,Final,13,UltraTech Cement Limited,ULTRACEMCO.NS,
5/22/2020,7/6/2020,Final,2,JSW Steel Limited,JSWSTEEL.NS,
5/26/2020,7/24/2020,Final,1,Trent Limited,TRENT.NS,
5/27/2020,8/19/2020,Final,1,Sun Pharmaceutical Industries Limited,SUNPHARMA.NS,
6/5/2020,8/5/2020,Final,8,Larsen & Toubro Limited,LT.NS,
6/8/2020,8/3/2020,Final,4,Titan Company Limited,TITAN.NS,
6/9/2020,7/30/2020,Final,25,Hero MotoCorp Limited,HEROMOTOCO.NS,
6/12/2020,9/3/2020,Final,1,Hindalco Industries Limited,HINDALCO.NS,
6/12/2020,7/16/2020,Final,2.35,Mahindra & Mahindra Limited,M&M.NS,
6/15/2020,8/26/2020,Final,4,Grasim Industries Limited,GRASIM.NS,
6/22/2020,9/2/2020,Final,4.04,Power Grid Corporation of India Limited,POWERGRID.NS,
6/23/2020,7/23/2020,Final,1.5,Asian Paints Limited,ASIANPAINT.NS,
6/25/2020,9/17/2020,Final,2.75,Apollo Hospitals Enterprise Limited,APOLLOHOSP.NS,
6/26/2020,7/6/2020,Final,10.15,ITC Limited,ITC.NS,
6/29/2020,8/6/2020,Final,10,Tata Steel Limited,TATASTEEL.NS,
6/30/2020,7/16/2020,Interim,5,Tata Consultancy Services Limited,TCS.NS,
7/2/2020,9/15/2020,Final,1.4,Bharat Electronics Limited,BEL.NS,
7/2/2020,8/13/2020,Final,2.65,NTPC Limited,NTPC.NS,
7/3/2020,7/23/2020,Interim,2,HCL Technologies Limited,HCLTECH.NS,
7/13/2020,7/30/2020,Interim,9.5,Hindustan Unilever Limited,HINDUNILVR.NS,
9/28/2020,10/22/2020,Interim,4,HCL Technologies Limited,HCLTECH.NS,
9/30/2020,10/14/2020,Interim,12,Tata Consultancy Services Limited,TCS.NS,
10/5/2020,10/28/2020,Interim,3.35,Asian Paints Limited,ASIANPAINT.NS,
10/7/2020,10/28/2020,Interim,14,Hindustan Unilever Limited,HINDUNILVR.NS,
10/14/2020,10/23/2020,Interim,12,Infosys Limited,INFY.NS,
10/15/2020,10/29/2020,Interim,135,Nestlé India Limited,NESTLEIND.NS,
10/19/2020,10/29/2020,Interim,15,Tech Mahindra Limited,TECHM.NS,
10/29/2020,11/9/2020,Interim,6,Shriram Finance Limited,SHRIRAMFIN.NS,
11/6/2020,11/19/2020,Interim,7.5,Coal India Limited,COALINDIA.NS,
12/7/2020,12/17/2020,Interim,5,Power Grid Corporation of India Limited,POWERGRID.NS,
12/31/2020,1/14/2021,Interim,6,Tata Consultancy Services Limited,TCS.NS,
1/13/2021,1/22/2021,Interim,1,Wipro Limited,WIPRO.NS,
1/15/2021,1/21/2021,Interim,4,HCL Technologies Limited,HCLTECH.NS,
1/27/2021,2/11/2021,Interim,3,NTPC Limited,NTPC.NS,
1/28/2021,2/8/2021,Interim,1.4,Bharat Electronics Limited,BEL.NS,
1/29/2021,2/9/2021,Interim,5.5,Sun Pharmaceutical Industries Limited,SUNPHARMA.NS,
2/5/2021,2/15/2021,Interim,70,Hero MotoCorp Limited,HEROMOTOCO.NS,
2/11/2021,2/22/2021,Interim,5,ITC Limited,ITC.NS,
2/15/2021,2/17/2021,Interim,1.75,Oil and Natural Gas Corporation Limited,ONGC.NS,
2/16/2021,4/29/2021,Final,65,Nestlé India Limited,NESTLEIND.NS,
2/23/2021,3/15/2021,Interim,5,Coal India Limited,COALINDIA.NS,
2/23/2021,3/8/2021,Interim,4,Power Grid Corporation of India Limited,POWERGRID.NS,
2/25/2021,3/23/2021,Interim,1.4,Bharat Electronics Limited,BEL.NS,
3/19/2021,4/5/2021,Interim,6,Shriram Finance Limited,SHRIRAMFIN.NS,
3/23/2021,4/5/2021,Interim,2.5,SBI Life Insurance Company Limited,SBILIFE.NS,
4/6/2021,4/29/2021,Interim,25,Nestlé India Limited,NESTLEIND.NS,
4/12/2021,5/25/2021,Final,15,Tata Consultancy Services Limited,TCS.NS,
4/12/2021,5/25/2021,Interim,15,Tata Consultancy Services Limited,TCS.NS,
4/14/2021,4/29/2021,Interim,16,HCL Technologies Limited,HCLTECH.NS,
4/15/2021,5/31/2021,Final,15,Infosys Limited,INFY.NS,
4/26/2021,6/30/2021,Final,2.02,HDFC Life Insurance Company Limited,HDFCLIFE.NS,
4/26/2021,7/29/2021,Final,2,ICICI Bank Limited,ICICIBANK.NS,
4/26/2021,7/23/2021,Final,30,Tech Mahindra Limited,TECHM.NS,
4/27/2021,7/8/2021,Final,10,Bajaj Finance Limited,BAJFINANCE.NS,
4/28/2021,7/8/2021,Final,3,Bajaj Finserv Ltd. ,BAJAJFINSV.NS,
4/29/2021,7/8/2021,Final,140,Bajaj Auto Limited,BAJAJ-AUTO.NS,
4/29/2021,6/14/2021,Final,17,Hindustan Unilever Limited,HINDUNILVR.NS,
4/29/2021,6/16/2021,Final,6,Shriram Finance Limited,SHRIRAMFIN.NS,
4/29/2021,7/22/2021,Final,4,Titan Company Limited,TITAN.NS,
4/30/2021,8/17/2021,Final,5,IndusInd Bank Limited,INDUSINDBK.NS,
4/30/2021,6/11/2021,Final,7,Reliance Industries Limited,RELIANCE.NS,
4/30/2021,7/9/2021,Final,0.6,Trent Limited,TRENT.NS,
5/3/2021,8/11/2021,Final,0.9,Kotak Mahindra Bank Limited,KOTAKBANK.NS,
5/4/2021,6/24/2021,Final,5,Adani Ports and Special Economic Zone Limited,ADANIPORTS.NS,
5/5/2021,7/1/2021,Final,1,Adani Enterprises Limited,ADANIENT.NS,
5/5/2021,6/17/2021,Final,25,Tata Steel Limited,TATASTEEL.NS,
5/6/2021,7/22/2021,Final,35,Hero MotoCorp Limited,HEROMOTOCO.NS,
5/6/2021,6/10/2021,Final,4.05,Tata Consumer Products Limited,TATACONSUM.NS,
5/7/2021,8/2/2021,Final,37,UltraTech Cement Limited,ULTRACEMCO.NS,
5/12/2021,6/10/2021,Final,14.5,Asian Paints Limited,ASIANPAINT.NS,
5/14/2021,8/9/2021,Final,5,Cipla Limited,CIPLA.NS,
5/14/2021,7/9/2021,Final,25,Dr. Reddy's Laboratories Limited,DRREDDY.NS,
5/14/2021,7/28/2021,Final,18,Larsen & Toubro Limited,LT.NS,
5/21/2021,8/12/2021,Final,3,Hindalco Industries Limited,HINDALCO.NS,
5/21/2021,7/5/2021,Final,6.5,JSW Steel Limited,JSWSTEEL.NS,
5/21/2021,6/3/2021,Final,4,State Bank of India,SBIN.NS,
5/25/2021,8/12/2021,Final,9,Grasim Industries Limited,GRASIM.NS,
5/27/2021,8/9/2021,Final,17,Eicher Motors Limited,EICHERMOT.NS,
5/27/2021,8/23/2021,Final,2,Sun Pharmaceutical Industries Limited,SUNPHARMA.NS,
5/28/2021,7/15/2021,Final,8.75,Mahindra & Mahindra Limited,M&M.NS,
6/1/2021,6/10/2021,Final,5.75,ITC Limited,ITC.NS,
6/14/2021,9/2/2021,Final,3.5,Coal India Limited,COALINDIA.NS,
6/17/2021,9/8/2021,Final,3,Power Grid Corporation of India Limited,POWERGRID.NS,
6/18/2021,6/29/2021,Final,6.5,HDFC Bank Limited,HDFCBANK.NS,
6/21/2021,9/8/2021,Final,3.15,NTPC Limited,NTPC.NS,
6/22/2021,9/14/2021,Final,1.2,Bharat Electronics Limited,BEL.NS,
6/23/2021,8/18/2021,Final,3,Apollo Hospitals Enterprise Limited,APOLLOHOSP.NS,
6/25/2021,9/8/2021,Final,1.85,Oil and Natural Gas Corporation Limited,ONGC.NS,
6/28/2021,8/5/2021,Final,45,Maruti Suzuki India Limited,MARUTI.NS,
6/30/2021,7/15/2021,Interim,7,Tata Consultancy Services Limited,TCS.NS,
7/7/2021,7/27/2021,Interim,6,HCL Technologies Limited,HCLTECH.NS,
9/15/2021,10/21/2021,Interim,10,HCL Technologies Limited,HCLTECH.NS,
9/30/2021,10/14/2021,Interim,7,Tata Consultancy Services Limited,TCS.NS,
10/4/2021,10/28/2021,Interim,3.65,Asian Paints Limited,ASIANPAINT.NS,
10/4/2021,10/26/2021,Interim,15,Hindustan Unilever Limited,HINDUNILVR.NS,
10/7/2021,10/26/2021,Interim,110,Nestlé India Limited,NESTLEIND.NS,
10/13/2021,10/26/2021,Interim,15,Infosys Limited,INFY.NS,
10/22/2021,11/9/2021,Interim,8,Shriram Finance Limited,SHRIRAMFIN.NS,
10/25/2021,11/2/2021,Interim,15,Tech Mahindra Limited,TECHM.NS,
11/8/2021,11/22/2021,Interim,5.5,Oil and Natural Gas Corporation Limited,ONGC.NS,
11/23/2021,12/6/2021,Interim,9,Coal India Limited,COALINDIA.NS,
12/10/2021,12/22/2021,Interim,7,Power Grid Corporation of India Limited,POWERGRID.NS,
12/24/2021,1/20/2022,Interim,10,HCL Technologies Limited,HCLTECH.NS,
12/31/2021,1/19/2022,Interim,7,Tata Consultancy Services Limited,TCS.NS,
1/12/2022,1/21/2022,Interim,1,Wipro Limited,WIPRO.NS,
1/20/2022,2/3/2022,Interim,4,NTPC Limited,NTPC.NS,
1/28/2022,2/9/2022,Interim,1.5,Bharat Electronics Limited,BEL.NS,
1/31/2022,2/9/2022,Interim,7,Sun Pharmaceutical Industries Limited,SUNPHARMA.NS,
2/1/2022,2/16/2022,Interim,5.5,Power Grid Corporation of India Limited,POWERGRID.NS,
2/3/2022,2/14/2022,Interim,5.25,ITC Limited,ITC.NS,
2/8/2022,2/21/2022,Interim,5,Coal India Limited,COALINDIA.NS,
2/8/2022,2/21/2022,Interim,1.75,Oil and Natural Gas Corporation Limited,ONGC.NS,
2/10/2022,2/21/2022,Interim,60,Hero MotoCorp Limited,HEROMOTOCO.NS,
2/10/2022,2/22/2022,Interim,0.6,Trent Limited,TRENT.NS,
2/17/2022,4/21/2022,Final,65,Nestlé India Limited,NESTLEIND.NS,
2/25/2022,3/11/2022,Interim,12,Shriram Finance Limited,SHRIRAMFIN.NS,
3/3/2022,3/24/2022,Interim,1.5,Bharat Electronics Limited,BEL.NS,
3/15/2022,3/29/2022,Interim,2,SBI Life Insurance Company Limited,SBILIFE.NS,
3/25/2022,4/5/2022,Interim,5,Wipro Limited,WIPRO.NS,
3/31/2022,4/21/2022,Interim,25,Nestlé India Limited,NESTLEIND.NS,
4/1/2022,4/28/2022,Interim,18,HCL Technologies Limited,HCLTECH.NS,
4/11/2022,5/25/2022,Final,22,Tata Consultancy Services Limited,TCS.NS,
4/13/2022,5/31/2022,Final,16,Infosys Limited,INFY.NS,
4/23/2022,5/12/2022,Final,15.5,HDFC Bank Limited,HDFCBANK.NS,
4/25/2022,8/8/2022,Final,5,ICICI Bank Limited,ICICIBANK.NS,
4/26/2022,6/30/2022,Final,20,Bajaj Finance Limited,BAJFINANCE.NS,
4/26/2022,5/31/2022,Final,1.7,HDFC Life Insurance Company Limited,HDFCLIFE.NS,
4/27/2022,6/30/2022,Final,140,Bajaj Auto Limited,BAJAJ-AUTO.NS,
4/27/2022,6/15/2022,Final,19,Hindustan Unilever Limited,HINDUNILVR.NS,
4/27/2022,5/20/2022,Final,1.1,Trent Limited,TRENT.NS,
4/28/2022,7/7/2022,Final,1,Axis Bank Limited ,AXISBANK.NS,
4/28/2022,6/30/2022,Final,4,Bajaj Finserv Ltd. ,BAJAJFINSV.NS,
4/29/2022,8/11/2022,Final,8.5,IndusInd Bank Limited,INDUSINDBK.NS,
4/29/2022,8/3/2022,Final,60,Maruti Suzuki India Limited,MARUTI.NS,
4/29/2022,8/2/2022,Final,38,UltraTech Cement Limited,ULTRACEMCO.NS,
5/4/2022,7/14/2022,Final,1,Adani Enterprises Limited,ADANIENT.NS,
5/4/2022,7/27/2022,Final,35,Hero MotoCorp Limited,HEROMOTOCO.NS,
5/4/2022,8/11/2022,Final,1.1,Kotak Mahindra Bank Limited,KOTAKBANK.NS,
5/4/2022,6/9/2022,Final,6.05,Tata Consumer Products Limited,TATACONSUM.NS,
5/4/2022,6/15/2022,Final,51,Tata Steel Limited,TATASTEEL.NS,
5/4/2022,7/8/2022,Final,7.5,Titan Company Limited,TITAN.NS,
5/6/2022,8/18/2022,Final,8,Reliance Industries Limited,RELIANCE.NS,
5/10/2022,6/9/2022,Final,15.5,Asian Paints Limited,ASIANPAINT.NS,
5/12/2022,7/21/2022,Final,22,Larsen & Toubro Limited,LT.NS,
5/13/2022,8/12/2022,Final,21,Eicher Motors Limited,EICHERMOT.NS,
5/13/2022,5/25/2022,Final,7.1,State Bank of India,SBIN.NS,
5/13/2022,7/21/2022,Final,30,Tech Mahindra Limited,TECHM.NS,
5/17/2022,8/1/2022,Final,3,Bharti Airtel Limited,BHARTIARTL.NS,
5/18/2022,5/26/2022,Final,6.25,ITC Limited,ITC.NS,
5/19/2022,7/11/2022,Final,30,Dr. Reddy's Laboratories Limited,DRREDDY.NS,
5/20/2022,8/10/2022,Final,3,NTPC Limited,NTPC.NS,
5/23/2022,8/8/2022,Final,1.5,Bharat Electronics Limited,BEL.NS,
5/23/2022,8/19/2022,Final,2.25,Power Grid Corporation of India Limited,POWERGRID.NS,
5/25/2022,7/14/2022,Final,5,Adani Ports and Special Economic Zone Limited,ADANIPORTS.NS,
5/25/2022,8/18/2022,Final,11.75,Apollo Hospitals Enterprise Limited,APOLLOHOSP.NS,
5/25/2022,8/11/2022,Final,3,Coal India Limited,COALINDIA.NS,
5/25/2022,8/11/2022,Final,10,Grasim Industries Limited,GRASIM.NS,
5/26/2022,8/11/2022,Final,4,Hindalco Industries Limited,HINDALCO.NS,
5/27/2022,7/4/2022,Final,17.35,JSW Steel Limited,JSWSTEEL.NS,
5/30/2022,7/14/2022,Final,11.55,Mahindra & Mahindra Limited,M&M.NS,
5/30/2022,8/18/2022,Final,3.25,Oil and Natural Gas Corporation Limited,ONGC.NS,
5/31/2022,8/19/2022,Final,3,Sun Pharmaceutical Industries Limited,SUNPHARMA.NS,
6/30/2022,7/14/2022,Interim,8,Tata Consultancy Services Limited,TCS.NS,
7/4/2022,7/19/2022,Interim,10,HCL Technologies Limited,HCLTECH.NS,
7/27/2022,8/8/2022,Final,5,Cipla Limited,CIPLA.NS,
9/29/2022,10/31/2022,Interim,4.4,Asian Paints Limited,ASIANPAINT.NS,
10/7/2022,11/1/2022,Interim,17,Hindustan Unilever Limited,HINDUNILVR.NS,
10/10/2022,10/31/2022,Interim,120,Nestlé India Limited,NESTLEIND.NS,
10/10/2022,10/17/2022,Interim,8,Tata Consultancy Services Limited,TCS.NS,
10/12/2022,10/19/2022,Interim,10,HCL Technologies Limited,HCLTECH.NS,
10/13/2022,10/27/2022,Interim,16.5,Infosys Limited,INFY.NS,
10/25/2022,11/9/2022,Interim,18,Tech Mahindra Limited,TECHM.NS,
10/27/2022,11/14/2022,Interim,5,Power Grid Corporation of India Limited,POWERGRID.NS,
11/4/2022,11/15/2022,Interim,15,Coal India Limited,COALINDIA.NS,
11/9/2022,11/21/2022,Interim,6.75,Oil and Natural Gas Corporation Limited,ONGC.NS,
12/15/2022,1/3/2023,Interim,15,Shriram Finance Limited,SHRIRAMFIN.NS,
12/16/2022,1/19/2023,Interim,10,HCL Technologies Limited,HCLTECH.NS,
12/30/2022,1/16/2023,Interim,8,Tata Consultancy Services Limited,TCS.NS,
1/9/2023,1/16/2023,Interim,67,Tata Consultancy Services Limited,TCS.NS,
1/13/2023,1/24/2023,Interim,1,Wipro Limited,WIPRO.NS,
1/16/2023,2/8/2023,Interim,7.5,Sun Pharmaceutical Industries Limited,SUNPHARMA.NS,
1/18/2023,2/8/2023,Interim,5.25,Coal India Limited,COALINDIA.NS,
1/18/2023,2/3/2023,Interim,4.25,NTPC Limited,NTPC.NS,
1/23/2023,2/8/2023,Interim,5,Power Grid Corporation of India Limited,POWERGRID.NS,
1/30/2023,2/10/2023,Interim,0.6,Bharat Electronics Limited,BEL.NS,
2/3/2023,2/15/2023,Interim,6,ITC Limited,ITC.NS,
2/7/2023,2/17/2023,Interim,65,Hero MotoCorp Limited,HEROMOTOCO.NS,
2/9/2023,2/24/2023,Interim,4,Oil and Natural Gas Corporation Limited,ONGC.NS,
2/14/2023,2/24/2023,Final,6,Apollo Hospitals Enterprise Limited,APOLLOHOSP.NS,
2/16/2023,4/21/2023,Final,75,Nestlé India Limited,NESTLEIND.NS,
3/2/2023,3/16/2023,Interim,2.5,SBI Life Insurance Company Limited,SBILIFE.NS,
3/10/2023,3/24/2023,Interim,0.6,Bharat Electronics Limited,BEL.NS,
3/17/2023,4/28/2023,Interim,18,HCL Technologies Limited,HCLTECH.NS,
4/12/2023,4/21/2023,Interim,27,Nestlé India Limited,NESTLEIND.NS,
4/12/2023,6/15/2023,Final,24,Tata Consultancy Services Limited,TCS.NS,
4/13/2023,6/2/2023,Final,17.5,Infosys Limited,INFY.NS,
4/17/2023,5/16/2023,Final,19,HDFC Bank Limited,HDFCBANK.NS,
4/24/2023,6/2/2023,Final,14,IndusInd Bank Limited,INDUSINDBK.NS,
4/25/2023,6/30/2023,Final,140,Bajaj Auto Limited,BAJAJ-AUTO.NS,
4/25/2023,5/19/2023,Final,8.45,Tata Consumer Products Limited,TATACONSUM.NS,
4/26/2023,6/30/2023,Final,30,Bajaj Finance Limited,BAJFINANCE.NS,
4/26/2023,6/16/2023,Final,1.9,HDFC Life Insurance Company Limited,HDFCLIFE.NS,
4/26/2023,8/3/2023,Final,90,Maruti Suzuki India Limited,MARUTI.NS,
4/27/2023,7/7/2023,Final,1,Axis Bank Limited ,AXISBANK.NS,
4/27/2023,6/30/2023,Final,0.8,Bajaj Finserv Ltd. ,BAJAJFINSV.NS,
4/27/2023,6/19/2023,Final,22,Hindustan Unilever Limited,HINDUNILVR.NS,
4/27/2023,6/16/2023,Final,20,Shriram Finance Limited,SHRIRAMFIN.NS,
4/27/2023,7/21/2023,Final,32,Tech Mahindra Limited,TECHM.NS,
4/27/2023,5/25/2023,Final,2.2,Trent Limited,TRENT.NS,
4/28/2023,7/27/2023,Final,38,UltraTech Cement Limited,ULTRACEMCO.NS,
5/2/2023,8/4/2023,Final,1.5,Kotak Mahindra Bank Limited,KOTAKBANK.NS,
5/2/2023,6/22/2023,Final,3.6,Tata Steel Limited,TATASTEEL.NS,
5/3/2023,7/13/2023,Final,10,Titan Company Limited,TITAN.NS,
5/4/2023,7/7/2023,Final,1.2,Adani Enterprises Limited,ADANIENT.NS,
5/4/2023,7/27/2023,Final,35,Hero MotoCorp Limited,HEROMOTOCO.NS,
5/8/2023,8/18/2023,Final,4,Coal India Limited,COALINDIA.NS,
5/10/2023,7/11/2023,Final,40,Dr. Reddy's Laboratories Limited,DRREDDY.NS,
5/10/2023,8/2/2023,Final,24,Larsen & Toubro Limited,LT.NS,
5/11/2023,6/9/2023,Final,21.25,Asian Paints Limited,ASIANPAINT.NS,
5/11/2023,8/14/2023,Final,37,Eicher Motors Limited,EICHERMOT.NS,
5/12/2023,7/21/2023,Final,8.5,Cipla Limited,CIPLA.NS,
5/12/2023,7/28/2023,Final,2,Tata Motors Limited,TATAMOTORS.NS,
5/16/2023,8/11/2023,Final,4,Bharti Airtel Limited,BHARTIARTL.NS,
5/18/2023,5/30/2023,Final,9.5,ITC Limited,ITC.NS,
5/18/2023,5/31/2023,Final,11.3,State Bank of India,SBIN.NS,
5/19/2023,8/11/2023,Final,3,NTPC Limited,NTPC.NS,
5/19/2023,8/8/2023,Final,4.75,Power Grid Corporation of India Limited,POWERGRID.NS,
5/22/2023,8/17/2023,Final,0.6,Bharat Electronics Limited,BEL.NS,
5/22/2023,7/11/2023,Final,3.4,JSW Steel Limited,JSWSTEEL.NS,
5/24/2023,8/14/2023,Final,3,Hindalco Industries Limited,HINDALCO.NS,
5/26/2023,8/11/2023,Final,10,Grasim Industries Limited,GRASIM.NS,
5/26/2023,7/14/2023,Final,16.25,Mahindra & Mahindra Limited,M&M.NS,
5/26/2023,8/18/2023,Final,0.5,Oil and Natural Gas Corporation Limited,ONGC.NS,
5/30/2023,7/28/2023,Final,5,Adani Ports and Special Economic Zone Limited,ADANIPORTS.NS,
5/30/2023,8/18/2023,Final,9,Apollo Hospitals Enterprise Limited,APOLLOHOSP.NS,
6/15/2023,7/20/2023,Interim,10,HCL Technologies Limited,HCLTECH.NS,
6/30/2023,8/9/2023,Final,8,ICICI Bank Limited,ICICIBANK.NS,
6/30/2023,7/20/2023,Interim,9,Tata Consultancy Services Limited,TCS.NS,
7/7/2023,7/28/2023,Final,4,Sun Pharmaceutical Industries Limited,SUNPHARMA.NS,
7/20/2023,8/2/2023,Interim,6,Larsen & Toubro Limited,LT.NS,
7/21/2023,8/21/2023,Final,9,Reliance Industries Limited,RELIANCE.NS,
9/15/2023,11/3/2023,Interim,5.15,Asian Paints Limited,ASIANPAINT.NS,
9/15/2023,10/20/2023,Interim,12,HCL Technologies Limited,HCLTECH.NS,
9/29/2023,10/19/2023,Interim,9,Tata Consultancy Services Limited,TCS.NS,
10/3/2023,11/1/2023,Interim,140,Nestlé India Limited,NESTLEIND.NS,
10/5/2023,11/2/2023,Interim,18,Hindustan Unilever Limited,HINDUNILVR.NS,
10/12/2023,10/25/2023,Interim,18,Infosys Limited,INFY.NS,
10/16/2023,11/6/2023,Interim,20,Shriram Finance Limited,SHRIRAMFIN.NS,
10/18/2023,11/21/2023,Interim,15.25,Coal India Limited,COALINDIA.NS,
10/19/2023,11/3/2023,Interim,2.25,NTPC Limited,NTPC.NS,
10/20/2023,11/2/2023,Interim,12,Tech Mahindra Limited,TECHM.NS,
10/25/2023,11/16/2023,Interim,4,Power Grid Corporation of India Limited,POWERGRID.NS,
11/10/2023,11/21/2023,Interim,5.75,Oil and Natural Gas Corporation Limited,ONGC.NS,
12/15/2023,1/19/2024,Interim,12,HCL Technologies Limited,HCLTECH.NS,
12/29/2023,1/19/2024,Interim,9,Tata Consultancy Services Limited,TCS.NS,
1/11/2024,1/19/2024,Interim,18,Tata Consultancy Services Limited,TCS.NS,
1/12/2024,1/24/2024,Interim,1,Wipro Limited,WIPRO.NS,
1/15/2024,2/9/2024,Interim,8.5,Sun Pharmaceutical Industries Limited,SUNPHARMA.NS,
1/19/2024,2/6/2024,Interim,2.25,NTPC Limited,NTPC.NS,
1/23/2024,2/15/2024,Interim,7,Nestlé India Limited,NESTLEIND.NS,
1/24/2024,2/6/2024,Interim,10,Shriram Finance Limited,SHRIRAMFIN.NS,
1/29/2024,2/9/2024,Interim,0.7,Bharat Electronics Limited,BEL.NS,
1/29/2024,2/8/2024,Interim,6.25,ITC Limited,ITC.NS,
1/29/2024,2/15/2024,Interim,4.5,Power Grid Corporation of India Limited,POWERGRID.NS,
1/30/2024,2/20/2024,Interim,5.25,Coal India Limited,COALINDIA.NS,
2/5/2024,2/16/2024,Interim,4,Oil and Natural Gas Corporation Limited,ONGC.NS,
2/8/2024,2/20/2024,Interim,6,Apollo Hospitals Enterprise Limited,APOLLOHOSP.NS,
2/9/2024,2/21/2024,Interim,100,Hero MotoCorp Limited,HEROMOTOCO.NS,
3/11/2024,3/22/2024,Interim,0.7,Bharat Electronics Limited,BEL.NS,
3/11/2024,3/15/2024,Interim,2.7,SBI Life Insurance Company Limited,SBILIFE.NS,
3/20/2024,5/7/2024,Interim,18,HCL Technologies Limited,HCLTECH.NS,
4/12/2024,5/16/2024,Final,28,Tata Consultancy Services Limited,TCS.NS,
4/18/2024,6/14/2024,Final,80,Bajaj Auto Limited,BAJAJ-AUTO.NS,
4/18/2024,6/21/2024,Final,2,HDFC Life Insurance Company Limited,HDFCLIFE.NS,
4/18/2024,5/31/2024,Final,28,Infosys Limited,INFY.NS,
4/22/2024,5/10/2024,Final,19.5,HDFC Bank Limited,HDFCBANK.NS,
4/22/2024,8/19/2024,Final,10,Reliance Industries Limited,RELIANCE.NS,
4/23/2024,5/24/2024,Final,7.75,Tata Consumer Products Limited,TATACONSUM.NS,
4/24/2024,7/12/2024,Final,1,Axis Bank Limited ,AXISBANK.NS,
4/24/2024,6/14/2024,Interim,24,Hindustan Unilever Limited,HINDUNILVR.NS,
4/25/2024,6/21/2024,Final,36,Bajaj Finance Limited,BAJFINANCE.NS,
4/25/2024,6/28/2024,Final,16.5,IndusInd Bank Limited,INDUSINDBK.NS,
4/25/2024,7/16/2024,Final,8.5,Nestlé India Limited,NESTLEIND.NS,
4/25/2024,7/19/2024,Final,28,Tech Mahindra Limited,TECHM.NS,
4/26/2024,6/21/2024,Final,1,Bajaj Finserv Ltd. ,BAJAJFINSV.NS,
4/26/2024,8/2/2024,Final,125,Maruti Suzuki India Limited,MARUTI.NS,
4/26/2024,7/23/2024,Final,15,Shriram Finance Limited,SHRIRAMFIN.NS,
4/29/2024,5/22/2024,Final,3.2,Trent Limited,TRENT.NS,
4/29/2024,7/30/2024,Final,70,UltraTech Cement Limited,ULTRACEMCO.NS,
5/2/2024,6/14/2024,Final,1.3,Adani Enterprises Limited,ADANIENT.NS,
5/2/2024,6/14/2024,Final,6,Adani Ports and Special Economic Zone Limited,ADANIPORTS.NS,
5/2/2024,8/16/2024,Final,5,Coal India Limited,COALINDIA.NS,
5/3/2024,6/27/2024,Final,11,Titan Company Limited,TITAN.NS,
5/6/2024,7/19/2024,Final,2,Kotak Mahindra Bank Limited,KOTAKBANK.NS,
5/7/2024,7/16/2024,Final,40,Dr. Reddy's Laboratories Limited,DRREDDY.NS,
5/8/2024,8/1/2024,Final,40,Hero MotoCorp Limited,HEROMOTOCO.NS,
5/8/2024,6/20/2024,Final,28,Larsen & Toubro Limited,LT.NS,
5/9/2024,6/11/2024,Final,28.15,Asian Paints Limited,ASIANPAINT.NS,
5/9/2024,5/22/2024,Final,13.7,State Bank of India,SBIN.NS,
5/10/2024,8/2/2024,Final,13,Cipla Limited,CIPLA.NS,
5/10/2024,6/11/2024,Final,6,Tata Motors Limited,TATAMOTORS.NS,
5/13/2024,8/7/2024,Final,51,Eicher Motors Limited,EICHERMOT.NS,
5/14/2024,8/7/2024,Final,8,Bharti Airtel Limited,BHARTIARTL.NS,
5/16/2024,7/5/2024,Final,21.1,Mahindra & Mahindra Limited,M&M.NS,
5/21/2024,8/14/2024,Final,0.8,Bharat Electronics Limited,BEL.NS,
5/21/2024,7/9/2024,Final,7.3,JSW Steel Limited,JSWSTEEL.NS,
5/21/2024,8/23/2024,Final,2.5,Oil and Natural Gas Corporation Limited,ONGC.NS,
5/22/2024,8/6/2024,Final,10,Grasim Industries Limited,GRASIM.NS,
5/22/2024,8/16/2024,Final,2.75,Power Grid Corporation of India Limited,POWERGRID.NS,
5/22/2024,7/12/2024,Final,5,Sun Pharmaceutical Industries Limited,SUNPHARMA.NS,
5/23/2024,6/4/2024,Final,7.5,ITC Limited,ITC.NS,
5/24/2024,8/9/2024,Final,3.5,Hindalco Industries Limited,HINDALCO.NS,
5/24/2024,8/7/2024,Final,3.25,NTPC Limited,NTPC.NS,
5/29/2024,6/21/2024,Final,3.6,Tata Steel Limited,TATASTEEL.NS,
5/30/2024,8/16/2024,Final,10,Apollo Hospitals Enterprise Limited,APOLLOHOSP.NS,
6/18/2024,7/23/2024,Interim,12,HCL Technologies Limited,HCLTECH.NS,
6/28/2024,7/19/2024,Interim,10,Tata Consultancy Services Limited,TCS.NS,
7/3/2024,8/12/2024,Final,10,ICICI Bank Limited,ICICIBANK.NS,
7/8/2024,7/16/2024,Interim,2.75,Nestlé India Limited,NESTLEIND.NS,
9/17/2024,11/19/2024,Interim,4.25,Asian Paints Limited,ASIANPAINT.NS,
9/17/2024,10/22/2024,Interim,12,HCL Technologies Limited,HCLTECH.NS,
9/30/2024,10/18/2024,Interim,10,Tata Consultancy Services Limited,TCS.NS,
10/10/2024,11/6/2024,Interim,29,Hindustan Unilever Limited,HINDUNILVR.NS,
10/14/2024,11/5/2024,Interim,15.75,Coal India Limited,COALINDIA.NS,
10/17/2024,10/29/2024,Interim,21,Infosys Limited,INFY.NS,
10/18/2024,11/7/2024,Interim,22,Shriram Finance Limited,SHRIRAMFIN.NS,
10/21/2024,10/31/2024,Interim,2.5,NTPC Limited,NTPC.NS,
10/21/2024,10/31/2024,Interim,15,Tech Mahindra Limited,TECHM.NS,
10/29/2024,11/14/2024,Interim,4.5,Power Grid Corporation of India Limited,POWERGRID.NS,
11/7/2024,11/19/2024,Interim,6,Oil and Natural Gas Corporation Limited,ONGC.NS,
12/31/2024,1/17/2025,Interim,10,Tata Consultancy Services Limited,TCS.NS,
1/9/2025,1/17/2025,Interim,66,Tata Consultancy Services Limited,TCS.NS,
1/14/2025,1/17/2025,Interim,18,HCL Technologies Limited,HCLTECH.NS,
1/15/2025,1/31/2025,Interim,5.6,Coal India Limited,COALINDIA.NS,
1/16/2025,2/6/2025,Interim,10.5,Sun Pharmaceutical Industries Limited,SUNPHARMA.NS,
1/17/2025,1/28/2025,Interim,6,Wipro Limited,WIPRO.NS,
1/24/2025,2/7/2025,Interim,14.25,Nestlé India Limited,NESTLEIND.NS,
1/24/2025,1/31/2025,Interim,2.5,Shriram Finance Limited,SHRIRAMFIN.NS,
1/27/2025,1/31/2025,Interim,2.5,NTPC Limited,NTPC.NS,
1/27/2025,2/7/2025,Interim,5,Oil and Natural Gas Corporation Limited,ONGC.NS,
1/28/2025,2/7/2025,Interim,3.25,Power Grid Corporation of India Limited,POWERGRID.NS,
2/6/2025,2/12/2025,Interim,100,Hero MotoCorp Limited,HEROMOTOCO.NS,
2/6/2025,2/12/2025,Interim,6.5,ITC Limited,ITC.NS,
2/10/2025,2/14/2025,Interim,9,Apollo Hospitals Enterprise Limited,APOLLOHOSP.NS,
2/24/2025,3/7/2025,Interim,2.7,SBI Life Insurance Company Limited,SBILIFE.NS,
3/5/2025,3/11/2025,Interim,1.5,Bharat Electronics Limited,BEL.NS,
4/11/2025,6/4/2025,Final,30,Tata Consultancy Services Limited,TCS.NS,
4/17/2025,6/20/2025,Final,2.1,HDFC Life Insurance Company Limited,HDFCLIFE.NS,
4/17/2025,5/30/2025,Final,22,Infosys Limited,INFY.NS,
4/21/2025,6/27/2025,Final,22,HDFC Bank Limited,HDFCBANK.NS,
4/22/2025,4/28/2025,Interim,18,HCL Technologies Limited,HCLTECH.NS,
4/23/2025,5/29/2025,Final,8.25,Tata Consumer Products Limited,TATACONSUM.NS,
4/24/2025,7/4/2025,Final,1,Axis Bank Limited ,AXISBANK.NS,
4/24/2025,6/23/2025,Final,24,Hindustan Unilever Limited,HINDUNILVR.NS,
4/24/2025,7/4/2025,Final,10,Nestlé India Limited,NESTLEIND.NS,
4/24/2025,7/4/2025,Final,30,Tech Mahindra Limited,TECHM.NS,
4/25/2025,8/1/2025,Final,135,Maruti Suzuki India Limited,MARUTI.NS,
4/25/2025,8/14/2025,Final,5.5,Reliance Industries Limited,RELIANCE.NS,
4/25/2025,7/11/2025,Final,3,Shriram Finance Limited,SHRIRAMFIN.NS,
4/28/2025,7/25/2025,Final,77.5,UltraTech Cement Limited,ULTRACEMCO.NS,
4/29/2025,6/27/2025,Final,1,Bajaj Finserv Ltd. ,BAJAJFINSV.NS,
4/29/2025,6/12/2025,Final,5,Trent Limited,TRENT.NS,
4/30/2025,5/30/2025,Final,56,Bajaj Finance Limited,BAJFINANCE.NS,
5/2/2025,6/13/2025,Final,1.3,Adani Enterprises Limited,ADANIENT.NS,
5/2/2025,6/13/2025,Final,7,Adani Ports and Special Economic Zone Limited,ADANIPORTS.NS,
5/5/2025,7/18/2025,Final,2.5,Kotak Mahindra Bank Limited,KOTAKBANK.NS,
5/5/2025,7/4/2025,Final,25.3,Mahindra & Mahindra Limited,M&M.NS,
5/5/2025,5/16/2025,Final,15.9,State Bank of India,SBIN.NS,
5/7/2025,8/21/2025,Final,5.15,Coal India Limited,COALINDIA.NS,
5/8/2025,6/10/2025,Final,20.55,Asian Paints Limited,ASIANPAINT.NS,
5/8/2025,6/3/2025,Final,34,Larsen & Toubro Limited,LT.NS,
5/8/2025,7/8/2025,Final,11,Titan Company Limited,TITAN.NS,
5/9/2025,7/10/2025,Final,8,Dr. Reddy's Laboratories Limited,DRREDDY.NS,
5/12/2025,6/6/2025,Final,3.6,Tata Steel Limited,TATASTEEL.NS,
5/13/2025,7/18/2025,Final,16,Bharti Airtel Limited,BHARTIARTL.NS,
5/13/2025,6/27/2025,Final,16,Cipla Limited,CIPLA.NS,
5/13/2025,7/24/2025,Final,65,Hero MotoCorp Limited,HEROMOTOCO.NS,
5/13/2025,6/4/2025,Final,6,Tata Motors Limited,TATAMOTORS.NS,
5/14/2025,8/1/2025,Final,70,Eicher Motors Limited,EICHERMOT.NS,
5/19/2025,8/14/2025,Final,0.9,Bharat Electronics Limited,BEL.NS,
5/19/2025,8/19/2025,Final,1.25,Power Grid Corporation of India Limited,POWERGRID.NS,
5/20/2025,8/8/2025,Final,5,Hindalco Industries Limited,HINDALCO.NS,
5/21/2025,9/4/2025,Final,1.25,Oil and Natural Gas Corporation Limited,ONGC.NS,
5/22/2025,8/12/2025,Final,10,Grasim Industries Limited,GRASIM.NS,
5/22/2025,5/28/2025,Final,7.85,ITC Limited,ITC.NS,
5/22/2025,7/7/2025,Final,5.5,Sun Pharmaceutical Industries Limited,SUNPHARMA.NS,
5/23/2025,7/8/2025,Final,2.8,JSW Steel Limited,JSWSTEEL.NS,
5/26/2025,9/4/2025,Final,3.35,NTPC Limited,NTPC.NS,
5/29/2025,6/20/2025,Final,210,Bajaj Auto Limited,BAJAJ-AUTO.NS,
5/30/2025,8/19/2025,Final,10,Apollo Hospitals Enterprise Limited,APOLLOHOSP.NS,
6/27/2025,7/16/2025,Interim,11,Tata Consultancy Services Limited,TCS.NS,
7/14/2025,7/18/2025,Interim,12,HCL Technologies Limited,HCLTECH.NS,
7/17/2025,7/28/2025,Interim,5,Wipro Limited,WIPRO.NS,
7/21/2025,7/25/2025,Interim,5,HDFC Bank Limited,HDFCBANK.NS,
7/31/2025,8/6/2025,Interim,5.5,Coal India Limited,COALINDIA.NS,
